{"pages/account/addresses":"{{#partial \"page\"}}\n    {{> components/common/breadcrumbs breadcrumbs=breadcrumbs}}\n    <h2 class=\"page-heading\">{{lang 'account.addresses.heading' }}</h2>\n    {{> components/account/navigation account_page='addresses'}}\n\n    <div class=\"account account--fixedLarge\">\n        <div class=\"account-body\">\n            {{> components/account/address-list }}\n        </div>\n    </div>\n{{/partial}}\n{{> layout/base}}\n","components/common/breadcrumbs":"<ul class=\"breadcrumbs\">\n    {{#each breadcrumbs}}\n        <li class=\"breadcrumb {{#if @last}}is-active{{/if}}\">\n            {{#if url}}\n                <a href=\"{{url}}\" class=\"breadcrumb-label\">{{name}}</a>\n            {{else}}\n                <span class=\"breadcrumb-label\">{{name}}</span>\n            {{/if}}\n        </li>\n    {{/each}}\n</ul>\n","components/account/navigation":"<nav class=\"navBar navBar--sub navBar--account\">\n    <ul class=\"navBar-section\">\n        {{#if account_page '===' 'orders'}}\n            <li class=\"navBar-item is-active\">{{lang 'account.nav.orders'}}</li>\n        {{else}}\n            <li class=\"navBar-item\">\n                <a class=\"navBar-action\" href=\"{{urls.account.orders.all}}\">{{lang 'account.nav.orders'}}</a>\n            </li>\n        {{/if}}\n        {{#if settings.returns_enabled}}\n            {{#if account_page '===' 'returns'}}\n                <li class=\"navBar-item is-active\">{{lang 'account.nav.returns'}}</li>\n            {{else}}\n                <li class=\"navBar-item\">\n                    <a class=\"navBar-action\" href=\"{{urls.account.returns}}\">{{lang 'account.nav.returns'}}</a>\n                </li>\n            {{/if}}\n        {{/if}}\n        {{#if account_page '===' 'messages'}}\n            <li class=\"navBar-item is-active\">{{lang 'account.nav.messages' num_new_messages=customer.num_new_messages}}</li>\n        {{else}}\n            <li class=\"navBar-item\">\n                <a class=\"navBar-action\" href=\"{{urls.account.inbox}}\">{{lang 'account.nav.messages' num_new_messages=customer.num_new_messages}}</a>\n            </li>\n        {{/if}}\n        {{#if account_page '===' 'addresses'}}\n            <li class=\"navBar-item is-active\">{{lang 'account.nav.addresses'}}</li>\n        {{else}}\n            <li class=\"navBar-item\">\n                <a class=\"navBar-action\" href=\"{{urls.account.addresses}}\">{{lang 'account.nav.addresses'}}</a>\n            </li>\n        {{/if}}\n        {{#if settings.show_wishlist}}\n            {{#if account_page '===' 'wishlists'}}\n                <li class=\"navBar-item is-active\">{{lang 'account.nav.wishlists' num_wishlists=customer.num_wishlists}}</li>\n            {{else}}\n                <li class=\"navBar-item\">\n                    <a class=\"navBar-action\" href=\"{{urls.account.wishlists.all}}\">{{lang 'account.nav.wishlists' num_wishlists=customer.num_wishlists}}</a>\n                </li>\n            {{/if}}\n        {{/if}}\n        {{#if account_page '===' 'recent_items'}}\n            <li class=\"navBar-item is-active\">{{lang 'account.nav.recently_viewed'}}</li>\n        {{else}}\n            <li class=\"navBar-item\">\n                <a class=\"navBar-action\" href=\"{{urls.account.recent_items}}\">{{lang 'account.nav.recently_viewed'}}</a>\n            </li>\n        {{/if}}\n        {{#if account_page '===' 'settings'}}\n            <li class=\"navBar-item is-active\">{{lang 'account.nav.settings'}}</li>\n        {{else}}\n            <li class=\"navBar-item\">\n                <a class=\"navBar-action\" href=\"{{urls.account.details}}\">{{lang 'account.nav.settings'}}</a>\n            </li>\n        {{/if}}\n    </ul>\n</nav>\n","components/account/address-list":"{{#unless customer.addresses}}\n    {{> components/common/alert-info (lang 'account.addresses.no_addresses')}}\n{{/unless}}\n\n<ul class=\"addressList\">\n    {{#each customer.addresses}}\n        <li class=\"address\">\n            <div class=\"panel panel--address\">\n                <div class=\"panel-body\">\n                    <h5 class=\"address-title\">{{first_name}} {{last_name}}</h5>\n                    <ul class=\"address-details address-details--postal\">\n                        <li>{{company}}</li>\n                        <li>{{address1}}</li>\n                        <li>{{address2}}</li>\n                        <li>{{city}}{{#if state}}, {{state}}{{/if}} {{zip}}</li>\n                        <li>{{country}}</li>\n                    </ul>\n                    {{#if phone}}\n                        <dl class=\"address-details\">\n                            <dt class=\"address-label\">{{lang 'account.addresses.phone' }}</dt>\n                            <dd class=\"address-description\">{{phone}}</dd>\n                        </dl>\n                    {{/if}}\n                    <form action=\"{{delete_url}}\" method=\"post\" data-delete-address=\"{{lang 'forms.address.confirm_delete'}}\">\n                        <div class=\"form-actions\">\n                            <a class=\"button button--primary button--small\" href=\"{{edit_url}}\">{{lang 'common.edit' }}</a>\n                            <button type=\"submit\" class=\"button secondary button--small\">{{lang 'common.delete' }}</button>\n                        </div>\n                    </form>\n                </div>\n            </div>\n        </li>\n    {{/each}}\n    <li class=\"address\">\n        <a class=\"panel panel--address panel--newAddress\" href=\"{{urls.account.add_address}}\">\n            <span class=\"panel-body\">\n                <span class=\"address-addNew\">\n                    <span class=\"address-symbol\">&plus;</span>\n                    <h5 class=\"address-title\">{{lang 'account.addresses.new_address' }}</h5>\n                </span>\n            </span>\n        </a>\n    </li>\n</ul>\n","layout/base":"<!DOCTYPE html>\n<html class=\"no-js\" lang=\"{{ locale_name }}\">\n    <head>\n        <title>{{ head.title }}</title>\n        {{{ head.meta_tags }}}\n        {{{ head.config }}}\n        {{#block \"head\"}} {{/block}}\n        <link href=\"{{ head.favicon }}\" rel=\"shortcut icon\">\n        <meta name=\"viewport\" content=\"width=device-width, initial-scale=1, maximum-scale=1\">\n        {{{stylesheet '/assets/css/theme.css'}}}\n        {{ getFontsCollection }}\n        <script src=\"{{cdn '/assets/modernizr-custom.js'}}\"></script>\n\n        {{{head.scripts}}}\n        {{{head.rsslinks}}}\n\n        {{inject 'themeSettings' theme_settings}}\n        {{inject 'genericError' (lang 'common.generic_error')}}\n        {{inject 'maintenanceMode' settings.maintenance}}\n        {{inject 'urls' urls}}\n        {{{snippet 'htmlhead'}}}\n    </head>\n    <body>\n        <div id=\"fb-root\"></div>\n        <script>(function(d, s, id) {\n            var js, fjs = d.getElementsByTagName(s)[0];\n            if (d.getElementById(id)) return;\n            js = d.createElement(s); js.id = id;\n            js.src = \"//connect.facebook.net/en_US/sdk.js#xfbml=1&version=v2.8\";\n            fjs.parentNode.insertBefore(js, fjs);\n        }(document, 'script', 'facebook-jssdk'));</script>\n\n        {{#if settings.privacy_cookie}}\n            {{> components/common/cookie}}\n        {{/if}}\n\n        {{> components/common/header }}\n        {{> components/common/body }}\n        {{> components/common/footer }}\n\n        <script src=\"{{cdn '/assets/js/bundle.js'}}\"></script>\n        <script src=\"{{cdn '../vendor/jquery3.1.1.min.js'}}\"></script>\n        <script src=\"{{cdn '../vendor/slick.min.js'}}\"></script>\n        <script src=\"//use.typekit.net/rub4hbp.js\"></script>\n        <script type=\"text/javascript\">try{Typekit.load();}catch(e){}</script>\n        <script>\n            // Exported in app.js\n            window.stencilBootstrap(\"{{template_file}}\", {{jsContext}}).load();\n//            $(document).ready(function(){\n//                console.log('carousel');\n//                // ==========================\n//                /* Slick */\n//                // ==========================\n//                console.log($('#carousel'));\n//                $('#carousel').slick({\n//                    arrows:false,\n//                    autoplay:true,\n//                    autoplaySpeed:4000\n//                });\n//\n//                console.log('carousel1');\n//\n//            })\n        </script>\n        {{#if page_type '==' 'page_contact_form'}}\n        <div class=\"live-chat-button\">\n            <script type=\"text/javascript\">\n                (function(d, src, c) { var t=d.scripts[d.scripts.length - 1],s=d.createElement('script');s.id='la_x2s6df8d';s.async=true;s.src=src;s.onload=s.onreadystatechange=function(){var rs=this.readyState;if(rs&&(rs!='complete')&&(rs!='loaded')){return;}c(this);};t.parentElement.insertBefore(s,t.nextSibling);})(document,\n                        'https://chat.ladesk.com/scripts/track.js',\n                        function(e){ LiveAgent.createButton('b9088a1d', e); });\n            </script>\n        </div>\n        {{/if}}\n        {{{footer.scripts}}}\n        {{{snippet 'footer'}}}\n    </body>\n</html>\n","components/common/alert-info":"<div class=\"alertBox alertBox--info\">\n    <div class=\"alertBox-column alertBox-icon\">\n        <icon glyph=\"ic-success\" class=\"icon\" aria-hidden=\"true\"><svg xmlns=\"http://www.w3.org/2000/svg\" width=\"24\" height=\"24\" viewBox=\"0 0 24 24\"><path d=\"M12 2C6.48 2 2 6.48 2 12s4.48 10 10 10 10-4.48 10-10S17.52 2 12 2zm1 15h-2v-2h2v2zm0-4h-2V7h2v6z\"></path></svg></icon>\n    </div>\n    <p class=\"alertBox-column alertBox-message\">\n        <span>{{{this}}}</span>\n    </p>\n</div>\n","components/common/cookie":"<div class=\"cookieMessage\">\n    <div class=\"cookieMessage-container\">\n        <div class=\"cookieMessage-text\">\n            <p>{{settings.privacy_cookie}}</p>\n        </div>\n        <button class=\"button button--primary button--small\" data-privacy-accept>{{lang 'cookies.accept'}}</button>\n    </div>\n</div>\n","components/common/header":"<header>\n    <div class=\"container\">\n        <h1 class=\"brand\">\n            <a href=\"/\">{{settings.store_name}}</a>\n        </h1>\n        <div class=\"facebooke-link-button pull-left\">\n            <div class=\"fb-like\" data-href=\"https://flukerfarms.com\" data-layout=\"button\" data-action=\"like\" data-show-faces=\"false\" data-share=\"false\"></div>\n        </div>\n        <div class=\"mobile-header pull-right \">\n            <div class=\"border-right header-search inline-block\">\n                <form action=\"{{urls.search}}\">\n                    <label for=\"\" class=\"input-groups\">\n                        <input type=\"text\" name=\"search_query\" placeholder=\"\" maxlength=\"100\">\n                        <span class=\"btn-append\"><button class=\"btn btn-gray\">Go</button></span>\n                    </label>\n                </form>\n            </div>\n            <div class=\"mobile-account border-right inline-block\">\n                <aside class=\"units-row header-padding\" id=\"account-header\">\n\n                    <div class=\"pull-right text-right\">\n\n                        {{#if customer}}\n                            <h3><a href=\"\">My Account</a></h3>\n                            <p class=\"small\">\n                                <a href=\"{{urls.account.index}}\" id=\"sign-in\">{{lang 'common.account'}}</a>\n                                /\n                                <a href=\"{{urls.auth.logout}}\" id=\"register\">{{lang 'common.logout'}}</a>\n                            </p>\n                        {{else}}\n                            <h3>My Account</h3>\n                            <p class=\"small\">\n                                <a href=\"{{urls.auth.login}}\" id=\"sign-in\">{{lang 'common.login'}}</a>\n                                /\n                                {{#if settings.account_creation_enabled}}\n                                    <a href=\"{{urls.auth.create_account}}\" id=\"register\">{{lang 'common.sign_up'}}</a>\n                                {{/if}}\n                            </p>\n                        {{/if}}\n\n                    </div>\n                </aside>\n            </div>\n            <div class=\"mobile-cart inline-block\">\n                <a href=\"{{urls.cart}}\">\n                    <i class=\"icon icon-shopping-cart\"></i>\n                    <span class=\"item-count countPill countPill--positive cart-quantity\">{{cart.quantity}}</span>\n                </a>\n                <span id=\"cart-items-notification\" 0=\"\" class=\"has-items\"></span>\n            </div>\n\n            <nav class=\"header-social inline-block\">\n                {{> components/common/social-links}}\n            </nav>\n        </div>\n        <div class=\"units-row\">\n            <div class=\"unit-30 forms border-right desktop-hidden\">\n                <form action=\"{{urls.search}}\">\n                    <label for=\"\" class=\"input-groups\">\n                        <input type=\"text\" name=\"search_query\" placeholder=\"\" maxlength=\"100\">\n                        <span class=\"btn-append\"><button class=\"btn btn-gray\">Go</button></span>\n                    </label>\n                </form>\n            </div>\n\n        </div>\n    </div>\n\n</header>\n\n<div class=\"mobile-side-nav desktop-hidden\">\n    <ul>\n        <li>\n            <a href=\"/crickets-live-feeder-insects/\" class=\"live-insects\" title=\"Buy Live Insects\">\n                <span class=\"interior-hidden\">Buy Live Insects</span>\n                <i class=\"icomoon-crickets\"></i>\n            </a>\n        </li>\n        <li>\n            <a href=\"/who-we-are\" class=\"who-we-are\" title=\"Who We Are\">\n                <span class=\"interior-hidden\">Who We Are</span>\n                <i class=\"icon icon-group\"></i>\n            </a>\n        </li>\n        <li>\n            <a href=\"/reptile-u/blog\" class=\"reptile-u\" title=\"Reptile-U\">\n                <span class=\"interior-hidden\">Reptile-U</span>\n                <i class=\"icomoon-reptile-u\"></i>\n            </a>\n        </li>\n        <li>\n            <a href=\"/categories\" class=\"products\" title=\"Products\">\n                <span class=\"interior-hidden\">Products</span>\n                <i class=\"icomoon-store\"></i>\n            </a>\n        </li>\n        <li>\n            <a href=\"/contact-us\" class=\"contact\" title=\"Contact Us\">\n                <span class=\"interior-hidden\">Contact Us</span>\n                <i class=\"icon icon-envelope\"></i>\n            </a>\n        </li>\n    </ul>\n</div>\n","components/common/body":"<div class=\"body\">\n    {{#block \"hero\"}} {{/block}}\n    <div class=\"container\">\n        {{#block \"page\"}} {{/block}}\n    </div>\n    {{> components/common/modal}}\n</div>\n","components/common/footer":"<footer class=\"\">\n    <div class=\"units-row small-container\">\n        <div class=\"footer-logo pull-left\">\n            <h1 class=\"brand\"><a href=\"/\" title=\"Fluker's Cricket Farm\">Fluker's Cricket Farm</a></h1>\n            <nav class=\"footer-social\">\n                {{> components/common/social-links}}\n            </nav>\n        </div>\n        <div class=\"unit-25 footer-div footer-subscribe\">\n            {{#if settings.show_newsletter_box}}\n            <h3>Get Updates</h3>\n            <p>Submit your email address to receive special offers.</p>\n            <form class=\"form\" action=\"{{urls.subscribe.action}}\" method=\"post\">\n                <input type=\"hidden\" name=\"action\" value=\"subscribe\">\n                <input type=\"hidden\" name=\"nl_first_name\" value=\"bc\">\n                <input type=\"hidden\" name=\"check\" value=\"1\">\n                <div class=\"forms forms-inline\">\n                    <input type=\"email\" id=\"nl_email\" name=\"nl_email\"  value=\"{{customer.email}}\">\n                    <button type=\"submit\" class=\"btn btn-green\">Submit</button>\n                </div>\n            </form>\n            {{/if}}\n        </div>\n        <div class=\"border-left unit-33 footer-div\">\n            <h3>Get In Touch</h3>\n            <p itemprop=\"address\" itemscope=\"\" itemtype=\"http://schema.org/PostalAddress\">Fluker Farms Customer Care<br> P.O. Box 530<br>\n                Port Allen, LA 70767-4087</p>\n            <p><a itemprop=\"telephone\" data-query=\"phone\" href=\"tel://225-343-7035\">Phone (225) 343-7035</a><br><a itemprop=\"telephone\" data-query=\"phone\" href=\"tel:+1800-735-8537\">Toll Free (800) 735-8537</a><br> <a itemprop=\"faxNumber\" data-query=\"phone\" href=\"/\">Fax: (225) 336-0671</a></p>\n        </div>\n    </div>\n    <div class=\"\">\n        <ul>\n            <li><a href=\"https://flukers.thinkx.net\" title=\"\"></a> </li>\n        </ul>\n\n        <div itemscope=\"\" itemtype=\"http://schema.org/Organization\">\n        </div>\n    </div>\n\n\n    <div id=\"bottom-footer\" class=\"text-center\">\n        <p class=\"uppercase\"><a href=\"/privacy-policy\">Privacy Policy</a> | <a href=\"/contact-us\">Contact Us</a> | <a href=\"/categories\">Products &amp; Shipping</a></p>\n        <p>© Fluker's Cricket Farm - <em>Raising and selling live crickets since 1953</em></p>\n    </div>\n</footer>","components/common/social-links":"{{#if social_media}}\n    <ul>\n        {{#each social_media}}\n            <li class=\"socialLinks-item\">\n            {{#if display_name '===' 'google+'}}\n                <a href=\"{{url}}\" target=\"_blank\"><i class=\"icon icon-google-plus-square\"></i></a>\n            {{else}}\n                {{#if display_name '===' 'instagram'}}\n                    <a href=\"{{url}}\" target=\"_blank\"><i class=\"icon icon-{{display_name}}\"></i></a>\n                {{else}}\n                    <a href=\"{{url}}\" target=\"_blank\"><i class=\"icon icon-{{display_name}}-square\"></i></a>\n                {{/if}}\n            {{/if}}\n            </li>\n        {{/each}}\n    </ul>\n{{/if}}\n","components/common/modal":"<div id=\"modal\" class=\"modal\" data-reveal data-prevent-quick-search-close>\n    <a href=\"#\" class=\"modal-close\" aria-label=\"{{lang 'common.close'}}\" role=\"button\">\n        <span aria-hidden=\"true\">&#215;</span>\n    </a>\n    <div class=\"modal-content\"></div>\n    <div class=\"loadingOverlay\"></div>\n</div>\n"}