{"pages/brands":"---\nbrands:\n---\n\n{{#partial \"page\"}}\n\n{{> components/common/breadcrumbs breadcrumbs=breadcrumbs}}\n\n<main class=\"page\">\n    <h1 class=\"page-heading\">{{lang 'brand.label'}}</h1>\n    <ul class=\"brandGrid\">\n        {{#each brands}}\n            <li class=\"brand\">\n                <article class=\"card {{#if alternate}}card--alternate{{/if}}\">\n                    <figure class=\"card-figure\">\n                        <a href=\"{{url}}\">\n                            <img class=\"card-image\" src=\"{{getImage image 'brand_size' (cdn ../theme_settings.default_image_brand)}}\" alt=\"{{name}}\" title=\"{{name}}\">\n                        </a>\n                    </figure>\n                    <div class=\"card-body\">\n                        <h4 class=\"card-title\">\n                            <a href=\"{{url}}\">{{name}}</a>\n                        </h4>\n                    </div>\n                </article>\n            </li>\n        {{/each}}\n    </ul>\n    {{> components/common/paginator pagination.brands}}\n</main>\n{{/partial}}\n{{> layout/base}}\n","components/common/breadcrumbs":"<ul class=\"breadcrumbs\">\n    {{#each breadcrumbs}}\n        <li class=\"breadcrumb {{#if @last}}is-active{{/if}}\">\n            {{#if url}}\n                <a href=\"{{url}}\" class=\"breadcrumb-label\">{{name}}</a>\n            {{else}}\n                <span class=\"breadcrumb-label\">{{name}}</span>\n            {{/if}}\n        </li>\n    {{/each}}\n</ul>\n","components/common/paginator":"<div class=\"pagination\">\n    <ul class=\"pagination-list\">\n        {{#if previous}}\n            <li class=\"pagination-item pagination-item--previous\">\n                <a class=\"pagination-link\" href=\"{{previous}}\" {{#unless reload}}data-faceted-search-facet{{/unless}}>\n                    <i class=\"icon\" aria-hidden=\"true\">\n                        <svg>\n                            <use xmlns:xlink=\"http://www.w3.org/1999/xlink\" xlink:href=\"#icon-chevron-left\"></use>\n                        </svg>\n                    </i>\n                    {{lang 'common.previous'}}\n                </a>\n            </li>\n        {{/if}}\n        {{#each links}}\n            {{#if this.number '==' ../current}}\n                <li class=\"pagination-item pagination-item--current\">\n                    <a class=\"pagination-link\" href=\"{{this.url}}\" {{#unless reload}}data-faceted-search-facet{{/unless}}>{{this.number}}</a>\n                </li>\n            {{else}}\n                <li class=\"pagination-item\">\n                    <a class=\"pagination-link\" href=\"{{this.url}}\" {{#unless reload}}data-faceted-search-facet{{/unless}}>{{this.number}}</a>\n                </li>\n            {{/if}}\n        {{/each}}\n\n        {{#if next}}\n            <li class=\"pagination-item pagination-item--next\">\n                <a class=\"pagination-link\" href=\"{{next}}\" {{#unless reload}}data-faceted-search-facet{{/unless}}>\n                    {{lang 'common.next'}}\n                    <i class=\"icon\" aria-hidden=\"true\">\n                        <svg>\n                            <use xmlns:xlink=\"http://www.w3.org/1999/xlink\" xlink:href=\"#icon-chevron-right\"></use>\n                        </svg>\n                    </i>\n                </a>\n            </li>\n        {{/if}}\n    </ul>\n</div>\n","layout/base":"<!DOCTYPE html>\n<html class=\"no-js\" lang=\"{{ locale_name }}\">\n    <head>\n        <title>{{ head.title }}</title>\n        {{{ head.meta_tags }}}\n        {{{ head.config }}}\n        {{#block \"head\"}} {{/block}}\n        <link href=\"{{ head.favicon }}\" rel=\"shortcut icon\">\n        <meta name=\"viewport\" content=\"width=device-width, initial-scale=1, maximum-scale=1\">\n        {{{stylesheet '/assets/css/theme.css'}}}\n        {{ getFontsCollection }}\n        <script src=\"{{cdn '/assets/modernizr-custom.js'}}\"></script>\n\n        {{{head.scripts}}}\n        {{{head.rsslinks}}}\n\n        {{inject 'themeSettings' theme_settings}}\n        {{inject 'genericError' (lang 'common.generic_error')}}\n        {{inject 'maintenanceMode' settings.maintenance}}\n        {{inject 'urls' urls}}\n        {{{snippet 'htmlhead'}}}\n    </head>\n    <body>\n        {{#if settings.privacy_cookie}}\n            {{> components/common/cookie}}\n        {{/if}}\n\n        {{> components/common/header }}\n        {{> components/common/body }}\n        {{> components/common/footer }}\n\n        <script src=\"{{cdn '/assets/js/bundle.js'}}\"></script>\n        <script src=\"{{cdn '../vendor/jquery3.1.1.min.js'}}\"></script>\n        <script src=\"{{cdn '../vendor/slick.min.js'}}\"></script>\n        <script>\n            // Exported in app.js\n            window.stencilBootstrap(\"{{template_file}}\", {{jsContext}}).load();\n            $(document).ready(function(){\n                console.log('carousel');\n                // ==========================\n                /* Slick */\n                // ==========================\n                console.log($('#carousel'));\n                $('#carousel').slick({\n                    arrows:false,\n                    autoplay:true,\n                    autoplaySpeed:4000\n                });\n\n                console.log('carousel1');\n\n            })\n        </script>\n\n        {{{footer.scripts}}}\n        {{{snippet 'footer'}}}\n    </body>\n</html>\n","components/common/cookie":"<div class=\"cookieMessage\">\n    <div class=\"cookieMessage-container\">\n        <div class=\"cookieMessage-text\">\n            <p>{{settings.privacy_cookie}}</p>\n        </div>\n        <button class=\"button button--primary button--small\" data-privacy-accept>{{lang 'cookies.accept'}}</button>\n    </div>\n</div>\n","components/common/header":"<header>\n    <div class=\"container\">\n        <h1 class=\"brand\"><a href=\"/\">{{settings.store_name}}</a></h1>\n        <div class=\"mobile-header pull-right \">\n            <div class=\"border-right header-search inline-block\">\n                <form action=\"{{urls.search}}\">\n                    <label for=\"\" class=\"input-groups\">\n                        <input type=\"text\" name=\"search_query\" placeholder=\"\" maxlength=\"100\">\n                        <span class=\"btn-append\"><button class=\"btn btn-gray\">Go</button></span>\n                    </label>\n                </form>\n            </div>\n            <div class=\"mobile-account border-right inline-block\">\n                <aside class=\"units-row header-padding\" id=\"account-header\">\n\n                    <div class=\"pull-right text-right\">\n\n                        {{#if customer}}\n                            <h3><a href=\"\">My Account</a></h3>\n                            <p class=\"small\">\n                                <a href=\"{{urls.account.index}}\" id=\"sign-in\">{{lang 'common.account'}}</a>\n                                /\n                                <a href=\"{{urls.auth.logout}}\" id=\"register\">{{lang 'common.logout'}}</a>\n                            </p>\n                        {{else}}\n                            <h3>My Account</h3>\n                            <p class=\"small\">\n                                <a href=\"{{urls.auth.login}}\" id=\"sign-in\">{{lang 'common.login'}}</a>\n                                /\n                                {{#if settings.account_creation_enabled}}\n                                    <a href=\"{{urls.auth.create_account}}\" id=\"register\">{{lang 'common.sign_up'}}</a>\n                                {{/if}}\n                            </p>\n                        {{/if}}\n\n                    </div>\n                </aside>\n            </div>\n            <div class=\"mobile-cart inline-block\">\n                <a href=\"{{urls.cart}}\">\n                    <i class=\"icon icon-shopping-cart\"></i>\n                    <span class=\"item-count countPill countPill--positive cart-quantity\">{{cart.quantity}}</span>\n                </a>\n                <span id=\"cart-items-notification\" 0=\"\" class=\"has-items\"></span>\n            </div>\n\n            <nav class=\"header-social inline-block\">\n                <ul>\n                    <li><a href=\"https://instagram.com/flukerfarms/\" target=\"_blank\"><i class=\"icon icon-instagram\"></i></a></li>\n                    <li><a href=\"https://www.facebook.com/FlukerFarms\" target=\"_blank\"><i class=\"icon icon-facebook-square\"></i></a></li>\n                    <li><a href=\"https://twitter.com/flukerfarms\" target=\"_blank\"><i class=\"icon icon-twitter-square\"></i></a></li>\n                    <li><a href=\"https://www.youtube.com/channel/UCx9yT4moV2986mk3QRvF8AQ\" target=\"_blank\"><i class=\"icon icon-youtube\"></i></a></li>\n                </ul>\n            </nav>\n        </div>\n        <div class=\"units-row\">\n            <div class=\"unit-30 forms border-right desktop-hidden\">\n                <form action=\"{{urls.search}}\">\n                    <label for=\"\" class=\"input-groups\">\n                        <input type=\"text\" name=\"search_query\" placeholder=\"\" maxlength=\"100\">\n                        <span class=\"btn-append\"><button class=\"btn btn-gray\">Go</button></span>\n                    </label>\n                </form>\n            </div>\n\n        </div>\n    </div>\n\n</header>\n","components/common/body":"<div class=\"body\">\n    {{#block \"hero\"}} {{/block}}\n    <div class=\"container\">\n        {{#block \"page\"}} {{/block}}\n    </div>\n    {{> components/common/modal}}\n</div>\n","components/common/footer":"<footer class=\"\">\n    <div class=\"units-row small-container\">\n        <div class=\"footer-logo pull-left\">\n            <h1 class=\"brand\"><a href=\"/\" title=\"Fluker's Cricket Farm\">Fluker's Cricket Farm</a></h1>\n            <nav class=\"footer-social\">\n                <ul>\n                    <li><a href=\"https://instagram.com/flukerfarms/\" target=\"_blank\"><i class=\"icon icon-instagram\"></i></a></li>\n                    <li><a href=\"https://www.facebook.com/FlukerFarms\" target=\"_blank\"><i class=\"icon icon-facebook-square\"></i></a></li>\n                    <li><a href=\"https://twitter.com/flukerfarms\" target=\"_blank\"><i class=\"icon icon-twitter-square\"></i></a></li>\n                    <li><a href=\"https://www.youtube.com/channel/UCx9yT4moV2986mk3QRvF8AQ\" target=\"_blank\"><i class=\"icon icon-youtube\"></i></a></li>\n                </ul>\n            </nav>\n        </div>\n        <div class=\"unit-25 footer-div footer-subscribe\">\n            {{#if settings.show_newsletter_box}}\n            <h3>Get Updates</h3>\n            <p>Submit your email address to receive special offers.</p>\n            <form class=\"form\" action=\"{{urls.subscribe.action}}\" method=\"post\">\n                <input type=\"hidden\" name=\"action\" value=\"subscribe\">\n                <input type=\"hidden\" name=\"nl_first_name\" value=\"bc\">\n                <input type=\"hidden\" name=\"check\" value=\"1\">\n                <div class=\"forms forms-inline\">\n                    <input type=\"email\" id=\"nl_email\" name=\"nl_email\"  value=\"{{customer.email}}\">\n                    <button type=\"submit\" class=\"btn btn-green\">Submit</button>\n                </div>\n            </form>\n            {{/if}}\n        </div>\n        <div class=\"border-left unit-33 footer-div\">\n            <h3>Get In Touch</h3>\n            <p itemprop=\"address\" itemscope=\"\" itemtype=\"http://schema.org/PostalAddress\">Fluker Farms Customer Care<br> P.O. Box 530<br>\n                Port Allen, LA 70767-4087</p>\n            <p><a itemprop=\"telephone\" data-query=\"phone\" href=\"tel://225-343-7035\">Phone (225) 343-7035</a><br><a itemprop=\"telephone\" data-query=\"phone\" href=\"tel:+1800-735-8537\">Toll Free (800) 735-8537</a><br> <a itemprop=\"faxNumber\" data-query=\"phone\" href=\"/\">Fax: (225) 336-0671</a></p>\n        </div>\n    </div>\n    <div class=\"\">\n        <ul>\n            <li><a href=\"https://flukers.thinkx.net\" title=\"\"></a> </li>\n        </ul>\n\n        <div itemscope=\"\" itemtype=\"http://schema.org/Organization\">\n        </div>\n    </div>\n\n\n    <div id=\"bottom-footer\" class=\"text-center\">\n        <p class=\"uppercase\"><a href=\"/privacy-policy\">Privacy Policy</a> | <a href=\"/categories\">Products &amp; Shipping</a></p>\n        <p>© Fluker's Cricket Farm - <em>Raising and selling live crickets since 1953</em> | <a href=\"http://thinkx.net\" target=\"_blank\">Site by Xdesign</a></p>\n    </div>\n</footer>","components/common/modal":"<div id=\"modal\" class=\"modal\" data-reveal data-prevent-quick-search-close>\n    <a href=\"#\" class=\"modal-close\" aria-label=\"{{lang 'common.close'}}\" role=\"button\">\n        <span aria-hidden=\"true\">&#215;</span>\n    </a>\n    <div class=\"modal-content\"></div>\n    <div class=\"loadingOverlay\"></div>\n</div>\n"}