{"pages/account/recent-items":"{{#partial \"page\"}}\n<div class=\"account\">\n    {{> components/common/breadcrumbs breadcrumbs=breadcrumbs}}\n    <h2 class=\"page-heading\">{{lang 'account.recent_items.heading' }}</h2>\n    {{> components/account/navigation account_page='recent_items'}}\n\n    {{#unless customer.recently_viewed_products.items}}\n        {{> components/common/alert-info (lang 'account.recent_items.no_items')}}\n    {{/unless}}\n\n    <form action=\"{{urls.compare}}\" method=\"post\">\n        {{> components/products/grid products=customer.recently_viewed_products.items show_compare=customer.recently_viewed_products.show_compare}}\n    </form>\n</div>\n{{/partial}}\n{{> layout/base}}\n","components/common/breadcrumbs":"<ul class=\"breadcrumbs\">\n    {{#each breadcrumbs}}\n        <li class=\"breadcrumb {{#if @last}}is-active{{/if}}\">\n            {{#if url}}\n                <a href=\"{{url}}\" class=\"breadcrumb-label\">{{name}}</a>\n            {{else}}\n                <span class=\"breadcrumb-label\">{{name}}</span>\n            {{/if}}\n        </li>\n    {{/each}}\n</ul>\n","components/account/navigation":"<nav class=\"navBar navBar--sub navBar--account\">\n    <ul class=\"navBar-section\">\n        {{#if account_page '===' 'orders'}}\n            <li class=\"navBar-item is-active\">{{lang 'account.nav.orders'}}</li>\n        {{else}}\n            <li class=\"navBar-item\">\n                <a class=\"navBar-action\" href=\"{{urls.account.orders.all}}\">{{lang 'account.nav.orders'}}</a>\n            </li>\n        {{/if}}\n        {{#if settings.returns_enabled}}\n            {{#if account_page '===' 'returns'}}\n                <li class=\"navBar-item is-active\">{{lang 'account.nav.returns'}}</li>\n            {{else}}\n                <li class=\"navBar-item\">\n                    <a class=\"navBar-action\" href=\"{{urls.account.returns}}\">{{lang 'account.nav.returns'}}</a>\n                </li>\n            {{/if}}\n        {{/if}}\n        {{#if account_page '===' 'messages'}}\n            <li class=\"navBar-item is-active\">{{lang 'account.nav.messages' num_new_messages=customer.num_new_messages}}</li>\n        {{else}}\n            <li class=\"navBar-item\">\n                <a class=\"navBar-action\" href=\"{{urls.account.inbox}}\">{{lang 'account.nav.messages' num_new_messages=customer.num_new_messages}}</a>\n            </li>\n        {{/if}}\n        {{#if account_page '===' 'addresses'}}\n            <li class=\"navBar-item is-active\">{{lang 'account.nav.addresses'}}</li>\n        {{else}}\n            <li class=\"navBar-item\">\n                <a class=\"navBar-action\" href=\"{{urls.account.addresses}}\">{{lang 'account.nav.addresses'}}</a>\n            </li>\n        {{/if}}\n        {{#if settings.show_wishlist}}\n            {{#if account_page '===' 'wishlists'}}\n                <li class=\"navBar-item is-active\">{{lang 'account.nav.wishlists' num_wishlists=customer.num_wishlists}}</li>\n            {{else}}\n                <li class=\"navBar-item\">\n                    <a class=\"navBar-action\" href=\"{{urls.account.wishlists.all}}\">{{lang 'account.nav.wishlists' num_wishlists=customer.num_wishlists}}</a>\n                </li>\n            {{/if}}\n        {{/if}}\n        {{#if account_page '===' 'recent_items'}}\n            <li class=\"navBar-item is-active\">{{lang 'account.nav.recently_viewed'}}</li>\n        {{else}}\n            <li class=\"navBar-item\">\n                <a class=\"navBar-action\" href=\"{{urls.account.recent_items}}\">{{lang 'account.nav.recently_viewed'}}</a>\n            </li>\n        {{/if}}\n        {{#if account_page '===' 'settings'}}\n            <li class=\"navBar-item is-active\">{{lang 'account.nav.settings'}}</li>\n        {{else}}\n            <li class=\"navBar-item\">\n                <a class=\"navBar-action\" href=\"{{urls.account.details}}\">{{lang 'account.nav.settings'}}</a>\n            </li>\n        {{/if}}\n    </ul>\n</nav>\n","components/common/alert-info":"<div class=\"alertBox alertBox--info\">\n    <div class=\"alertBox-column alertBox-icon\">\n        <icon glyph=\"ic-success\" class=\"icon\" aria-hidden=\"true\"><svg xmlns=\"http://www.w3.org/2000/svg\" width=\"24\" height=\"24\" viewBox=\"0 0 24 24\"><path d=\"M12 2C6.48 2 2 6.48 2 12s4.48 10 10 10 10-4.48 10-10S17.52 2 12 2zm1 15h-2v-2h2v2zm0-4h-2V7h2v6z\"></path></svg></icon>\n    </div>\n    <p class=\"alertBox-column alertBox-message\">\n        <span>{{{this}}}</span>\n    </p>\n</div>\n","components/products/grid":"<ul class=\"productGrid\">\n    {{#each products}}\n    <li class=\"product\">\n        {{>components/products/card show_compare=../show_compare show_rating=../settings.show_product_rating theme_settings=../theme_settings customer=../customer}}\n    </li>\n    {{/each}}\n</ul>\n","layout/base":"<!DOCTYPE html>\n<html class=\"no-js\" lang=\"{{ locale_name }}\">\n    <head>\n        <title>{{ head.title }}</title>\n        {{{ head.meta_tags }}}\n        {{{ head.config }}}\n        {{#block \"head\"}} {{/block}}\n        <link href=\"{{ head.favicon }}\" rel=\"shortcut icon\">\n        <meta name=\"viewport\" content=\"width=device-width, initial-scale=1, maximum-scale=1\">\n        {{{stylesheet '/assets/css/theme.css'}}}\n        {{ getFontsCollection }}\n        <script src=\"{{cdn '/assets/modernizr-custom.js'}}\"></script>\n\n        {{{head.scripts}}}\n        {{{head.rsslinks}}}\n\n        {{inject 'themeSettings' theme_settings}}\n        {{inject 'genericError' (lang 'common.generic_error')}}\n        {{inject 'maintenanceMode' settings.maintenance}}\n        {{inject 'urls' urls}}\n        {{{snippet 'htmlhead'}}}\n    </head>\n    <body>\n        {{#if settings.privacy_cookie}}\n            {{> components/common/cookie}}\n        {{/if}}\n\n        {{> components/common/header }}\n        {{> components/common/body }}\n        {{> components/common/footer }}\n\n        <script src=\"{{cdn '/assets/js/bundle.js'}}\"></script>\n        <script src=\"{{cdn '../vendor/jquery3.1.1.min.js'}}\"></script>\n        <script src=\"{{cdn '../vendor/slick.min.js'}}\"></script>\n        <script>\n            // Exported in app.js\n            window.stencilBootstrap(\"{{template_file}}\", {{jsContext}}).load();\n            $(document).ready(function(){\n                console.log('carousel');\n                // ==========================\n                /* Slick */\n                // ==========================\n                console.log($('#carousel'));\n                $('#carousel').slick({\n                    arrows:false,\n                    autoplay:true,\n                    autoplaySpeed:4000\n                });\n\n                console.log('carousel1');\n\n            })\n        </script>\n\n        {{{footer.scripts}}}\n        {{{snippet 'footer'}}}\n    </body>\n</html>\n","components/products/card":"<article class=\"card {{#if alternate}}card--alternate{{/if}}\">\n    <figure class=\"card-figure\">\n        {{#or price.non_sale_price_with_tax price.non_sale_price_without_tax}}\n            {{#if theme_settings.product_sale_badges '===' 'sash'}}\n                <div class=\"sale-flag-sash\">\n                    <span class=\"sale-text\">On Sale!</span>\n                </div>\n            {{else if theme_settings.product_sale_badges '===' 'topleft'}}\n                <div class=\"sale-flag-side\">\n                    <span class=\"sale-text\">On Sale!</span>\n                </div>\n            {{else if theme_settings.product_sale_badges '===' 'burst'}}\n                <div class=\"starwrap\">\n                    <div class=\"sale-text-burst\">On Sale!</div>\n                    <div class=\"sale-flag-star\"></div>\n                </div>\n            {{/if}}\n        {{/or}}\n        <a href=\"{{url}}\">\n            <img class=\"card-image\" src=\"{{getImage image 'productgallery_size' (cdn theme_settings.default_image_product)}}\" alt=\"{{image.alt}}\" title=\"{{image.alt}}\">\n        </a>\n        <figcaption class=\"card-figcaption\">\n            <div class=\"card-figcaption-body\">\n                {{#unless hide_product_quick_view}}\n                    {{#if theme_settings.show_product_quick_view}}\n                        <a href=\"#\" class=\"button button--small card-figcaption-button quickview\" data-product-id=\"{{id}}\">{{lang 'products.quick_view'}}</a>\n                    {{/if}}\n                {{/unless}}\n                {{#if show_compare}}\n                    <label class=\"button button--small card-figcaption-button\" for=\"compare-{{id}}\">\n                        {{lang 'products.compare'}} <input type=\"checkbox\" name=\"products[]\" value=\"{{id}}\" id=\"compare-{{id}}\" data-compare-id=\"{{id}}\">\n                    </label>\n                {{/if}}\n                {{#or customer (if theme_settings.restrict_to_login '!==' true)}}\n                    {{#if show_cart_action}}\n                        {{#if has_options}}\n                            <a href=\"{{url}}\" class=\"button button--small card-figcaption-button\" data-product-id=\"{{id}}\">{{lang 'products.choose_options'}}</a>\n                        {{/if}}\n                        {{#if pre_order}}\n                            <a href=\"{{url}}\" class=\"button button--small card-figcaption-button\">{{lang 'products.pre_order'}}</a>\n                        {{/if}}\n                        {{#if add_to_cart_url }}\n                            <a href=\"{{add_to_cart_url}}\" class=\"button button--small card-figcaption-button\">{{lang 'products.add_to_cart'}}</a>\n                        {{/if}}\n                        {{#if out_of_stock_message }}\n                            <a href=\"{{url}}\" class=\"button button--small card-figcaption-button\" data-product-id=\"{{id}}\">{{out_of_stock_message}}</a>\n                        {{/if}}\n                    {{/if}}\n                {{/or}}\n            </div>\n        </figcaption>\n    </figure>\n    <div class=\"card-body\">\n        {{#if show_rating}}\n            <p class=\"card-text\" data-test-info-type=\"productRating\">\n                <span class=\"rating--small\">\n                    {{> components/products/ratings rating=rating}}\n                </span>\n            </p>\n        {{/if}}\n        {{#if brand.name}}\n            <p class=\"card-text\" data-test-info-type=\"brandName\">{{brand.name}}</p>\n        {{/if}}\n        <h4 class=\"card-title\">\n            <a href=\"{{url}}\">{{name}}</a>\n        </h4>\n\n        <div class=\"card-text\" data-test-info-type=\"price\">\n            {{#or customer (if theme_settings.restrict_to_login '!==' true)}}\n                {{> components/products/price price=price customer=customer}}\n            {{else}}\n                {{> components/common/login-for-pricing}}\n            {{/or}}\n        </div>\n    </div>\n</article>\n","components/common/cookie":"<div class=\"cookieMessage\">\n    <div class=\"cookieMessage-container\">\n        <div class=\"cookieMessage-text\">\n            <p>{{settings.privacy_cookie}}</p>\n        </div>\n        <button class=\"button button--primary button--small\" data-privacy-accept>{{lang 'cookies.accept'}}</button>\n    </div>\n</div>\n","components/common/header":"<header>\n    <div class=\"container\">\n        <h1 class=\"brand\"><a href=\"/\">{{settings.store_name}}</a></h1>\n        <div class=\"mobile-header pull-right \">\n            <div class=\"border-right header-search inline-block\">\n                <form action=\"{{urls.search}}\">\n                    <label for=\"\" class=\"input-groups\">\n                        <input type=\"text\" name=\"search_query\" placeholder=\"\" maxlength=\"100\">\n                        <span class=\"btn-append\"><button class=\"btn btn-gray\">Go</button></span>\n                    </label>\n                </form>\n            </div>\n            <div class=\"mobile-account border-right inline-block\">\n                <aside class=\"units-row header-padding\" id=\"account-header\">\n\n                    <div class=\"pull-right text-right\">\n\n                        {{#if customer}}\n                            <h3><a href=\"\">My Account</a></h3>\n                            <p class=\"small\">\n                                <a href=\"{{urls.account.index}}\" id=\"sign-in\">{{lang 'common.account'}}</a>\n                                /\n                                <a href=\"{{urls.auth.logout}}\" id=\"register\">{{lang 'common.logout'}}</a>\n                            </p>\n                        {{else}}\n                            <h3>My Account</h3>\n                            <p class=\"small\">\n                                <a href=\"{{urls.auth.login}}\" id=\"sign-in\">{{lang 'common.login'}}</a>\n                                /\n                                {{#if settings.account_creation_enabled}}\n                                    <a href=\"{{urls.auth.create_account}}\" id=\"register\">{{lang 'common.sign_up'}}</a>\n                                {{/if}}\n                            </p>\n                        {{/if}}\n\n                    </div>\n                </aside>\n            </div>\n            <div class=\"mobile-cart inline-block\">\n                <a href=\"{{urls.cart}}\">\n                    <i class=\"icon icon-shopping-cart\"></i>\n                    <span class=\"item-count countPill countPill--positive cart-quantity\">{{cart.quantity}}</span>\n                </a>\n                <span id=\"cart-items-notification\" 0=\"\" class=\"has-items\"></span>\n            </div>\n\n            <nav class=\"header-social inline-block\">\n                <ul>\n                    <li><a href=\"https://instagram.com/flukerfarms/\" target=\"_blank\"><i class=\"icon icon-instagram\"></i></a></li>\n                    <li><a href=\"https://www.facebook.com/FlukerFarms\" target=\"_blank\"><i class=\"icon icon-facebook-square\"></i></a></li>\n                    <li><a href=\"https://twitter.com/flukerfarms\" target=\"_blank\"><i class=\"icon icon-twitter-square\"></i></a></li>\n                    <li><a href=\"https://www.youtube.com/channel/UCx9yT4moV2986mk3QRvF8AQ\" target=\"_blank\"><i class=\"icon icon-youtube\"></i></a></li>\n                </ul>\n            </nav>\n        </div>\n        <div class=\"units-row\">\n            <div class=\"unit-30 forms border-right desktop-hidden\">\n                <form action=\"{{urls.search}}\">\n                    <label for=\"\" class=\"input-groups\">\n                        <input type=\"text\" name=\"search_query\" placeholder=\"\" maxlength=\"100\">\n                        <span class=\"btn-append\"><button class=\"btn btn-gray\">Go</button></span>\n                    </label>\n                </form>\n            </div>\n\n        </div>\n    </div>\n\n</header>\n","components/common/body":"<div class=\"body\">\n    {{#block \"hero\"}} {{/block}}\n    <div class=\"container\">\n        {{#block \"page\"}} {{/block}}\n    </div>\n    {{> components/common/modal}}\n</div>\n","components/common/footer":"<footer class=\"\">\n    <div class=\"units-row small-container\">\n        <div class=\"footer-logo pull-left\">\n            <h1 class=\"brand\"><a href=\"/\" title=\"Fluker's Cricket Farm\">Fluker's Cricket Farm</a></h1>\n            <nav class=\"footer-social\">\n                <ul>\n                    <li><a href=\"https://instagram.com/flukerfarms/\" target=\"_blank\"><i class=\"icon icon-instagram\"></i></a></li>\n                    <li><a href=\"https://www.facebook.com/FlukerFarms\" target=\"_blank\"><i class=\"icon icon-facebook-square\"></i></a></li>\n                    <li><a href=\"https://twitter.com/flukerfarms\" target=\"_blank\"><i class=\"icon icon-twitter-square\"></i></a></li>\n                    <li><a href=\"https://www.youtube.com/channel/UCx9yT4moV2986mk3QRvF8AQ\" target=\"_blank\"><i class=\"icon icon-youtube\"></i></a></li>\n                </ul>\n            </nav>\n        </div>\n        <div class=\"unit-25 footer-div footer-subscribe\">\n            {{#if settings.show_newsletter_box}}\n            <h3>Get Updates</h3>\n            <p>Submit your email address to receive special offers.</p>\n            <form class=\"form\" action=\"{{urls.subscribe.action}}\" method=\"post\">\n                <input type=\"hidden\" name=\"action\" value=\"subscribe\">\n                <input type=\"hidden\" name=\"nl_first_name\" value=\"bc\">\n                <input type=\"hidden\" name=\"check\" value=\"1\">\n                <div class=\"forms forms-inline\">\n                    <input type=\"email\" id=\"nl_email\" name=\"nl_email\"  value=\"{{customer.email}}\">\n                    <button type=\"submit\" class=\"btn btn-green\">Submit</button>\n                </div>\n            </form>\n            {{/if}}\n        </div>\n        <div class=\"border-left unit-33 footer-div\">\n            <h3>Get In Touch</h3>\n            <p itemprop=\"address\" itemscope=\"\" itemtype=\"http://schema.org/PostalAddress\">Fluker Farms Customer Care<br> P.O. Box 530<br>\n                Port Allen, LA 70767-4087</p>\n            <p><a itemprop=\"telephone\" data-query=\"phone\" href=\"tel://225-343-7035\">Phone (225) 343-7035</a><br><a itemprop=\"telephone\" data-query=\"phone\" href=\"tel:+1800-735-8537\">Toll Free (800) 735-8537</a><br> <a itemprop=\"faxNumber\" data-query=\"phone\" href=\"/\">Fax: (225) 336-0671</a></p>\n        </div>\n    </div>\n    <div class=\"\">\n        <ul>\n            <li><a href=\"https://flukers.thinkx.net\" title=\"\"></a> </li>\n        </ul>\n\n        <div itemscope=\"\" itemtype=\"http://schema.org/Organization\">\n        </div>\n    </div>\n\n\n    <div id=\"bottom-footer\" class=\"text-center\">\n        <p class=\"uppercase\"><a href=\"/privacy-policy\">Privacy Policy</a> | <a href=\"/categories\">Products &amp; Shipping</a></p>\n        <p>© Fluker's Cricket Farm - <em>Raising and selling live crickets since 1953</em> | <a href=\"http://thinkx.net\" target=\"_blank\">Site by Xdesign</a></p>\n    </div>\n</footer>","components/products/ratings":"{{#for 1 5}}\n    {{#if ../this.rating '>=' $index}}\n        <span class=\"icon icon--ratingFull\">\n            <svg>\n                <use xlink:href=\"#icon-star\" />\n            </svg>\n        </span>\n    {{else}}\n        <span class=\"icon icon--ratingEmpty\">\n            <svg>\n                <use xlink:href=\"#icon-star\" />\n            </svg>\n        </span>\n    {{/if}}\n{{/for}}\n{{{snippet 'product_rating'}}}\n","components/products/price":"{{#or has_options product.options.length}}\n    {{#if price.with_tax}}\n        <div class=\"price-section price-section--withTax\" {{#if schema_org}}itemprop=\"offers\" itemscope itemtype=\"http://schema.org/Offer\"{{/if}}>\n            {{#if price.rrp_with_tax}}\n                <span data-product-rrp-with-tax class=\"price price--rrp\">{{price.rrp_with_tax.formatted}}</span>\n            {{/if}}\n            {{#if page_type '!==' 'product'}}\n                {{#if theme_settings.price_as_low_as}}\n                    <span translate>As low as </span>\n                {{/if}}\n            {{/if}}\n            <span data-product-price-with-tax class=\"price\">{{price.with_tax.formatted}}</span>\n            {{#if price.without_tax}}\n                {{lang 'products.price_with_tax' tax_label=price.tax_label}}\n            {{/if}}\n        </div>\n    {{/if}}\n    {{#if price.without_tax}}\n        <div class=\"price-section price-section--withoutTax {{#if price.with_tax}}price-section--minor{{/if}}\"  {{#if schema_org}}itemprop=\"offers\" itemscope itemtype=\"http://schema.org/Offer\"{{/if}}>\n            {{#if price.rrp_without_tax}}\n                <span data-product-rrp-without-tax class=\"price price--rrp\">{{price.rrp_without_tax.formatted}}</span>\n            {{/if}}\n            {{#if schema_org}}\n                <meta itemprop=\"price\" content=\"{{price.without_tax.value}}\">\n                <meta itemprop=\"priceCurrency\" content=\"{{currency_selector.active_currency_code}}\">\n                <meta itemprop=\"availability\" content=\"{{product.availability}}\">\n                <meta itemprop=\"itemCondition\" itemtype=\"http://schema.org/OfferItemCondition\" content=\"http://schema.org/{{product.condition}}Condition\">\n            {{/if}}\n            {{#if page_type '!==' 'product'}}\n                {{#if theme_settings.price_as_low_as}}\n                    <span translate>As low as </span>\n                {{/if}}\n            {{/if}}\n            <span data-product-price-without-tax class=\"price price--withoutTax\">{{price.without_tax.formatted}}</span>\n            {{#if price.with_tax}}\n                <abbr title=\"{{lang 'products.excluding_tax'}}\">{{lang 'products.price_without_tax' tax_label=price.tax_label}}</abbr>\n            {{/if}}\n        </div>\n    {{/if}}\n    {{#if page_type '===' 'product'}}\n        {{#if price.saved}}\n            <div class=\"price-section price-section--saving\">\n                <span class=\"price\">\n                    {{lang 'products.you_save' amount=price.saved.formatted}}\n                </span>\n            </div>\n        {{/if}}\n    {{/if}}\n{{else}}\n    {{#if price.with_tax}}\n        <div class=\"price-section price-section--withTax\" {{#if schema_org}}itemprop=\"offers\" itemscope itemtype=\"http://schema.org/Offer\"{{/if}}>\n            {{#if price.rrp_with_tax}}\n                <span data-product-rrp-with-tax class=\"price price--rrp\">{{price.rrp_with_tax.formatted}}</span>\n            {{/if}}\n            <span data-product-price-with-tax class=\"price\">{{price.with_tax.formatted}}</span>\n            {{#if price.without_tax}}\n                {{lang 'products.price_with_tax' tax_label=price.tax_label}}\n            {{/if}}\n        </div>\n    {{/if}}\n    {{#if price.without_tax}}\n        <div class=\"price-section price-section--withoutTax {{#if price.with_tax}}price-section--minor{{/if}}\"  {{#if schema_org}}itemprop=\"offers\" itemscope itemtype=\"http://schema.org/Offer\"{{/if}}>\n            {{#if price.rrp_without_tax}}\n                <span data-product-rrp-without-tax class=\"price price--rrp\">{{price.rrp_without_tax.formatted}}</span>\n            {{/if}}\n            {{#if schema_org}}\n                <meta itemprop=\"price\" content=\"{{price.without_tax.value}}\">\n                <meta itemprop=\"priceCurrency\" content=\"{{currency_selector.active_currency_code}}\">\n            {{/if}}\n            <span data-product-price-without-tax class=\"price price--withoutTax\">{{price.without_tax.formatted}}</span>\n            {{#if price.with_tax}}\n                <abbr title=\"{{lang 'products.excluding_tax'}}\">{{lang 'products.price_without_tax' tax_label=price.tax_label}}</abbr>\n            {{/if}}\n        </div>\n    {{/if}}\n    {{#if page_type '===' 'product'}}\n        {{#if price.saved}}\n            <div class=\"price-section price-section--saving\">\n                <span class=\"price\">\n                    {{lang 'products.you_save' amount=price.saved.formatted}}\n                </span>\n            </div>\n        {{/if}}\n    {{/if}}\n{{/or}}","components/common/login-for-pricing":"<p translate>Log in for pricing</p>","components/common/modal":"<div id=\"modal\" class=\"modal\" data-reveal data-prevent-quick-search-close>\n    <a href=\"#\" class=\"modal-close\" aria-label=\"{{lang 'common.close'}}\" role=\"button\">\n        <span aria-hidden=\"true\">&#215;</span>\n    </a>\n    <div class=\"modal-content\"></div>\n    <div class=\"loadingOverlay\"></div>\n</div>\n"}